"Empresa","Forma_social","Facturacion_anual","Numero_trabajadores","Capital_social"
"A","Sociedad Limitada",33423.7,2,35344.18
"B","Sociedad Anónima",139361.18,12,159301.44
"C","Sociedad Limitada",12627.44,2,47818.28
"D","Sociedad Cooperativa",151267.89,52,29373.72
"E","Sociedad Laboral",1482141.29,45,21047.89
"F","Sociedad Limitada",46773.79,3,446372.39
"G","Sociedad Limitada",188602.74,9,95987.82
"H","Sociedad Cooperativa",37901.45,3,51647.09
"I","Sociedad Limitada",59107.88,2,8245.87
"J","Sociedad Limitada",55268.44,4,149885.16
"K","Sociedad Laboral",109543.95,3,362555.52
"L","Sociedad Limitada",65156.94,9,326837.29
"M","Sociedad Anónima",28740.32,5,60000
"N","Sociedad Limitada",333673.64,23,35607.74
"O","Sociedad Limitada",40248.95,3,38089.14
"P","Sociedad Cooperativa",339005.37,14,221566.89
"Q","Sociedad Limitada",72485.02,5,25225.62
"R","Sociedad Limitada",355249,13,36517.4
"S","Sociedad Limitada",105781.88,7,75932.95
"T","Sociedad Laboral",67841.27,11,20670.34
"U","Sociedad Cooperativa",58334.57,2,339802.21
"V","Sociedad Anónima",150930.72,16,60000
"W","Sociedad Limitada",442318.27,14,190751.6
"X","Sociedad Laboral",52545.8,4,4051.27
"Y","Sociedad Anónima",59754.55,24,60000
"Z","Sociedad Anónima",52945.17,3,200938.71
"AA","Sociedad Limitada",19410.56,5,123220.44
"AB","Sociedad Limitada",9389.74,3,4729.23
"AC","Sociedad Limitada",77288.26,6,9352.77
"AD","Sociedad Limitada",154534.82,9,74824
"AE","Sociedad Laboral",17303.79,2,7993.22
"AF","Sociedad Cooperativa",37949.45,12,86886.29
"AG","Sociedad Anónima",57410.32,4,60000
"AH","Sociedad Anónima",43319.57,8,60000
"AI","Sociedad Limitada",125259.42,6,35135.15
"AJ","Sociedad Limitada",165640.05,11,18691.31
"AK","Sociedad Anónima",22803.54,3,103034.62
"AL","Sociedad Limitada",67416.39,11,41518.64
"AM","Sociedad Limitada",126110.6,4,47950.04
"AN","Sociedad Limitada",58209.69,5,218367.58
"AO","Sociedad Limitada",193513.72,28,932889.4
"AP","Sociedad Limitada",163276.24,13,75935.47
"AQ","Sociedad Limitada",76977.25,3,58727.73
"AR","Sociedad Limitada",218367.81,8,329967.98
"AS","Sociedad Limitada",66781.09,2,27426.47
"AT","Sociedad Limitada",17119.34,3,8277.83
"AU","Sociedad Limitada",56334.97,6,148036.47
"AV","Sociedad Limitada",82832.47,5,8443.21
"AW","Sociedad Limitada",139210.47,19,66799.31
"AX","Sociedad Cooperativa",49781.42,52,61347.29
"AY","Sociedad Limitada",50044.49,8,27772.89
"AZ","Sociedad Limitada",364003.87,23,5074.6
"BA","Sociedad Anónima",257961.56,18,60000
"BB","Sociedad Limitada",41431.44,14,252175.05
"BC","Sociedad Limitada",103901.48,8,35468.59
"BD","Sociedad Limitada",51045.46,4,19602.68
"BE","Sociedad Limitada",134639.31,7,28784.63
"BF","Sociedad Anónima",502710.86,5,60000
"BG","Sociedad Cooperativa",10859.83,2,25178.18
"BH","Sociedad Limitada",65087.1,9,111479.59
"BI","Sociedad Anónima",160583.59,12,413482.89
"BJ","Sociedad Limitada",9691.32,3,3937.32
"BK","Sociedad Limitada",46991.62,3,55748.28
"BL","Sociedad Limitada",30830.6,3,26698.46
"BM","Sociedad Anónima",553797.06,5,108827.64
"BN","Sociedad Limitada",9904.77,8,10316.74
"BO","Sociedad Anónima",624781.33,15,125047
"BP","Sociedad Anónima",124962.6,2,60000
"BQ","Sociedad Anónima",662471.89,41,365617.27
"BR","Sociedad Limitada",73714.92,5,15949.38
"BS","Sociedad Anónima",93386.54,10,68879.22
"BT","Sociedad Limitada",410416,25,11064.76
"BU","Sociedad Anónima",113809.58,17,117972.53
"BV","Sociedad Limitada",294038.13,24,414184.31
"BW","Sociedad Limitada",153679.03,12,186551.01
"BX","Sociedad Limitada",241318.69,11,281941.73
"BY","Sociedad Limitada",42211.23,5,8660.95
"BZ","Sociedad Limitada",24197.64,2,21405.59
"CA","Sociedad Limitada",60336.77,3,34762.08
"CB","Sociedad Limitada",83043.13,5,111670.42
"CC","Sociedad Limitada",104846.22,2,30937.21
"CD","Sociedad Anónima",108574.21,3,60000
"CE","Sociedad Limitada",53624.95,3,251904.22
"CF","Sociedad Anónima",141932.16,3,163548.66
"CG","Sociedad Limitada",67500.95,10,7831.96
"CH","Sociedad Limitada",84921.3,2,22872.01
"CI","Sociedad Laboral",14226.26,2,7275.96
"CJ","Sociedad Cooperativa",43623.96,2,918745.8
"CK","Sociedad Cooperativa",35470.55,17,34277.84
"CL","Sociedad Limitada",45007.67,2,113719.97
"CM","Sociedad Limitada",55255.91,25,86443.92
"CN","Sociedad Anónima",97467.78,6,61334.01
"CO","Sociedad Limitada",12875.07,3,45242.8
"CP","Sociedad Anónima",46696.51,3,60000
"CQ","Sociedad Limitada",49371.5,8,131592.36
"CR","Sociedad Limitada",123320.91,7,115324.16
"CS","Sociedad Anónima",396074.35,88,60000
"CT","Sociedad Limitada",57019.95,10,29873.88
"CU","Sociedad Limitada",143722.45,4,28346.44
"CV","Sociedad Limitada",201064.36,4,31446.03
"CW","Sociedad Limitada",375703.9,22,406801.91
"CX","Sociedad Limitada",40854.97,14,323902.26
"CY","Sociedad Limitada",125320.46,3,15663.69
"CZ","Sociedad Laboral",28791.93,8,82241.71
"DA","Sociedad Limitada",165450.96,24,26139.25
"DB","Sociedad Cooperativa",127683.26,7,32201.01
"DC","Sociedad Cooperativa",73266.88,9,81857.07
"DD","Sociedad Limitada",186458.07,32,92017.75
"DE","Sociedad Limitada",372541.56,70,81754.94
"DF","Sociedad Limitada",164581.66,13,19043.04
"DG","Sociedad Laboral",73597.37,5,33069.37
"DH","Sociedad Limitada",45327.78,22,74806.23
"DI","Sociedad Limitada",42167.43,3,65738.11
"DJ","Sociedad Laboral",48838.22,3,13048.03
"DK","Sociedad Anónima",161281.49,5,113074.17
"DL","Sociedad Limitada",45319.03,4,10169.6
"DM","Sociedad Limitada",33945.57,4,19250.7
"DN","Sociedad Laboral",60076.93,31,143010.68
"DO","Sociedad Limitada",38225.04,5,18119.1
"DP","Sociedad Limitada",114127.54,14,30896.63
"DQ","Sociedad Limitada",29873.74,3,29919.49
"DR","Sociedad Limitada",89817,4,47922.25
"DS","Sociedad Limitada",149681.96,12,224906.17
"DT","Sociedad Limitada",22122.2,6,28561.25
"DU","Sociedad Limitada",72947.95,4,6177.52
"DV","Sociedad Laboral",59125.53,3,17626.43
"DW","Sociedad Limitada",102767.08,14,35727.79
"DX","Sociedad Limitada",86628.31,8,19890.02
"DY","Sociedad Limitada",27053.52,2,38722.8
"DZ","Sociedad Anónima",177469.18,17,1607663.74
"EA","Sociedad Limitada",44667.4,9,127908.57
"EB","Sociedad Cooperativa",284268.59,37,111879.14
"EC","Sociedad Anónima",74731.44,13,118463.9
"ED","Sociedad Anónima",120261.05,13,392884.43
"EE","Sociedad Limitada",37259.5,6,29818.2
"EF","Sociedad Anónima",53888.01,5,94006.73
"EG","Sociedad Anónima",68397.1,4,82015.08
"EH","Sociedad Anónima",40774.49,2,60000
"EI","Sociedad Laboral",49149.96,10,58197.08
"EJ","Sociedad Limitada",47544.77,4,83053.02
"EK","Sociedad Limitada",64806.52,33,86111.1
"EL","Sociedad Limitada",52282.57,3,24592.17
"EM","Sociedad Limitada",60092.23,2,16488.56
"EN","Sociedad Limitada",118945.15,61,178977.73
"EO","Sociedad Cooperativa",11730.24,2,20369.78
"EP","Sociedad Limitada",199535.83,2,28739.85
"EQ","Sociedad Limitada",105755.4,8,74839.59
"ER","Sociedad Limitada",91963.63,8,24247.4
"ES","Sociedad Limitada",41450.66,3,13626.84
"ET","Sociedad Anónima",109166.05,3,211985.19
"EU","Sociedad Cooperativa",149572.23,21,33891.08
"EV","Sociedad Limitada",63123.3,9,80450.4
"EW","Sociedad Limitada",90387.25,14,23458.55
"EX","Sociedad Limitada",190802.02,42,97025.7
"EY","Sociedad Limitada",98367.28,14,114313.8
"EZ","Sociedad Limitada",32719.56,4,11194.39
"FA","Sociedad Limitada",83727.89,2,70314.11
"FB","Sociedad Limitada",187354.91,24,133153.96
"FC","Sociedad Limitada",36977,5,27687.02
"FD","Sociedad Limitada",89584.63,4,60975.31
"FE","Sociedad Limitada",48650.76,2,33759.22
"FF","Sociedad Limitada",73370.67,7,20257.71
"FG","Sociedad Limitada",64977.8,3,7695.12
"FH","Sociedad Limitada",24376.03,3,33924.91
"FI","Sociedad Limitada",32228.97,2,8798.42
"FJ","Sociedad Limitada",27177.28,4,32768.87
"FK","Sociedad Anónima",69482.99,11,60000
"FL","Sociedad Limitada",29178.93,2,9362.94
"FM","Sociedad Limitada",54565.56,3,50223.15
"FN","Sociedad Limitada",187175.94,81,527091.53
"FO","Sociedad Limitada",57904.94,5,54155.41
"FP","Sociedad Limitada",9479.78,2,6556.62
"FQ","Sociedad Cooperativa",42736.07,5,25626.06
"FR","Sociedad Anónima",382928.36,10,320451.79
"FS","Sociedad Anónima",16097.8,1,60000
"FT","Sociedad Limitada",30217.96,6,99833.61
"FU","Sociedad Limitada",86051.97,10,197360.55
"FV","Sociedad Limitada",121475.44,7,93155.33
"FW","Sociedad Cooperativa",85548.02,2,127720.15
"FX","Sociedad Limitada",646649.25,8,31366.58
"FY","Sociedad Cooperativa",108936.61,5,73682.87
"FZ","Sociedad Limitada",95138.85,4,31589.23
"GA","Sociedad Anónima",815523.25,12,147947.59
"GB","Sociedad Limitada",240814.32,58,689214.68
"GC","Sociedad Limitada",81005.08,9,106293.34
"GD","Sociedad Limitada",45238.5,2,14741.84
"GE","Sociedad Limitada",16582.01,3,18230.58
"GF","Sociedad Limitada",31559.76,14,18389.59
"GG","Sociedad Cooperativa",259362.74,6,62337.92
"GH","Sociedad Cooperativa",47820.87,7,26912.24
"GI","Sociedad Limitada",40785.91,4,93857.66
"GJ","Sociedad Limitada",51122.41,11,32309.65
"GK","Sociedad Laboral",52446.92,4,91030.89
"GL","Sociedad Limitada",167719.88,11,175538.84
"GM","Sociedad Laboral",39657.85,4,22733.26
"GN","Sociedad Limitada",58135.46,4,212841.13
"GO","Sociedad Limitada",337726.27,22,120009.42
"GP","Sociedad Anónima",89449.23,4,60000
"GQ","Sociedad Limitada",216620.41,67,167489.7
"GR","Sociedad Limitada",63094.82,5,14571.09
"GS","Sociedad Limitada",170546.41,64,301324.2
"GT","Sociedad Laboral",146219.23,22,33712.95
"GU","Sociedad Limitada",19078.3,2,108403.98
"GV","Sociedad Limitada",288672.13,10,7815.22
"GW","Sociedad Limitada",7452.07,3,6212.05
"GX","Sociedad Cooperativa",557908.95,113,158494.59
"GY","Sociedad Limitada",39874.09,4,16777.12
"GZ","Sociedad Limitada",213523.3,3,243136.08
"HA","Sociedad Limitada",68228.44,7,48738.91
"HB","Sociedad Limitada",202393.74,17,140665.82
"HC","Sociedad Limitada",50007.17,2,70337.26
"HD","Sociedad Limitada",343634.99,53,189519.2
"HE","Sociedad Limitada",70949.92,3,118433.66
"HF","Sociedad Anónima",755213.2,11,185095.25
"HG","Sociedad Limitada",75010.46,2,77025.6
"HH","Sociedad Anónima",283416.3,20,60000
"HI","Sociedad Limitada",220180.33,4,15763.99
"HJ","Sociedad Limitada",157157.08,10,5635.19
"HK","Sociedad Anónima",122870.94,3,60000
"HL","Sociedad Cooperativa",401983.37,24,650099.24
"HM","Sociedad Limitada",64882.45,4,13768.28
"HN","Sociedad Laboral",134107.53,9,97046.99
"HO","Sociedad Anónima",103839.75,7,96357.37
"HP","Sociedad Anónima",215311.82,14,116767.03
"HQ","Sociedad Limitada",457098.11,108,157953.07
"HR","Sociedad Limitada",29772.48,3,15506.02
"HS","Sociedad Limitada",374165.77,7,38441.73
"HT","Sociedad Limitada",37810.02,4,37811.05
"HU","Sociedad Anónima",264998.98,35,574253.55
"HV","Sociedad Cooperativa",180629.62,6,25352.51
"HW","Sociedad Limitada",47366.62,3,30792.24
"HX","Sociedad Limitada",89845.43,2,40466.16
"HY","Sociedad Limitada",56035.23,8,129490.66
"HZ","Sociedad Limitada",80566.08,7,41741.43
"IA","Sociedad Limitada",30993.99,2,57604.94
"IB","Sociedad Limitada",27796.55,4,6137.22
"IC","Sociedad Limitada",29800.11,2,62587.94
"ID","Sociedad Cooperativa",72224.95,15,77306.2
"IE","Sociedad Limitada",227147.33,13,24861.58
"IF","Sociedad Anónima",72494.42,4,60000
"IG","Sociedad Limitada",45209.1,3,23020.5
"IH","Sociedad Anónima",40548.58,3,73590.27
"II","Sociedad Limitada",119252.93,10,98230.19
"IJ","Sociedad Limitada",28376.79,9,30138.81
"IK","Sociedad Limitada",22396.68,31,70519.02
"IL","Sociedad Anónima",240345.08,2,60000
"IM","Sociedad Limitada",189973.78,11,33277.99
"IN","Sociedad Laboral",63397.9,3,40601.05
"IO","Sociedad Laboral",8796.61,4,29285.34
"IP","Sociedad Anónima",192670.68,6,60000
"IQ","Sociedad Limitada",289984.9,29,154952.59
"IR","Sociedad Limitada",76743.43,7,76900.58
"IS","Sociedad Limitada",122593.66,5,98492.24
"IT","Sociedad Limitada",56411.41,1,57114.32
"IU","Sociedad Limitada",60248.25,5,72165.52
"IV","Sociedad Anónima",1084475.18,21,216716.06
"IW","Sociedad Limitada",78513.3,2,31276.2
"IX","Sociedad Limitada",144032.11,4,86744.76
"IY","Sociedad Limitada",217317.79,50,32268.77
"IZ","Sociedad Cooperativa",97921.99,13,150711.79
"JA","Sociedad Cooperativa",16946.43,2,12860.41
"JB","Sociedad Cooperativa",70617.22,4,637059.6
"JC","Sociedad Anónima",71521.96,2,60000
"JD","Sociedad Laboral",32800.99,2,3000
"JE","Sociedad Limitada",68195,12,305635.06
"JF","Sociedad Limitada",40423.34,3,17117.47
"JG","Sociedad Limitada",391635.8,8,167580.65
"JH","Sociedad Limitada",84722.53,23,108424.63
"JI","Sociedad Limitada",35474.59,3,116356.75
"JJ","Sociedad Limitada",170402.81,126,63922.25
"JK","Sociedad Cooperativa",26379.54,6,9944.56
"JL","Sociedad Limitada",81840.61,10,210818.18
"JM","Sociedad Limitada",42874.69,4,12700.03
"JN","Sociedad Limitada",46546.85,6,7711.14
"JO","Sociedad Anónima",149286.59,23,235742.1
"JP","Sociedad Anónima",110083.46,7,60000
"JQ","Sociedad Laboral",239601.15,14,1252043.61
"JR","Sociedad Limitada",82317.93,11,95225.25
"JS","Sociedad Limitada",18374.82,3,18641.43
"JT","Sociedad Limitada",21576.3,3,14158.77
"JU","Sociedad Anónima",16778.92,3,189810.96
"JV","Sociedad Limitada",45869.66,22,17467.33
"JW","Sociedad Limitada",21358.1,2,51246.59
"JX","Sociedad Limitada",42486.52,8,92778.67
"JY","Sociedad Limitada",40155.3,9,25859.39
"JZ","Sociedad Limitada",213859.03,3,302204.12
"KA","Sociedad Limitada",302492.75,7,32087.37
"KB","Sociedad Limitada",736748.63,11,108485.44
"KC","Sociedad Limitada",102937.21,4,74342.96
"KD","Sociedad Anónima",149605.73,11,1077116.24
"KE","Sociedad Limitada",75659.69,22,162395.52
"KF","Sociedad Limitada",38703.26,8,348016.28
"KG","Sociedad Limitada",39610.4,4,16221.09
"KH","Sociedad Cooperativa",464220.12,29,18644.86
"KI","Sociedad Anónima",124367.05,3,125495.19
"KJ","Sociedad Anónima",201788.75,5,60000
"KK","Sociedad Laboral",114377.86,21,18654.76
"KL","Sociedad Limitada",17930.8,4,62078.66
"KM","Sociedad Limitada",166673.67,15,79987.27
"KN","Sociedad Anónima",151703.49,12,204068.36
"KO","Sociedad Anónima",60064.3,3,195527.83
"KP","Sociedad Limitada",295857.27,4,177064.22
"KQ","Sociedad Anónima",266072,8,119415.53
"KR","Sociedad Anónima",230749.67,24,205749.03
"KS","Sociedad Limitada",22804.07,9,51238.83
"KT","Sociedad Limitada",81848.21,10,441843.64
"KU","Sociedad Limitada",155388.32,6,64588.02
"KV","Sociedad Limitada",63624.59,3,96559.87
"KW","Sociedad Limitada",99762.22,7,19488.33
"KX","Sociedad Limitada",105341.2,3,45291.87
"KY","Sociedad Limitada",50652.56,4,4008.28
"KZ","Sociedad Limitada",62762.48,7,60017.16
"LA","Sociedad Anónima",208382.23,21,60000
"LB","Sociedad Limitada",83451.78,3,35056.45
"LC","Sociedad Limitada",46980.66,4,29686.32
"LD","Sociedad Anónima",133434.43,3,140459.97
"LE","Sociedad Cooperativa",36551.04,10,24196.3
"LF","Sociedad Limitada",25452.08,5,16909.59
"LG","Sociedad Limitada",201906.01,26,11217.8
"LH","Sociedad Cooperativa",59876.45,2,66572.72
"LI","Sociedad Cooperativa",103944.7,20,293133.15
"LJ","Sociedad Limitada",15786.87,1,14139.74
"LK","Sociedad Limitada",16146.73,16,267011.74
"LL","Sociedad Anónima",137117.32,5,60000
"LM","Sociedad Limitada",129192.18,44,36829.71
"LN","Sociedad Limitada",50598.76,2,40702.28
"LO","Sociedad Laboral",157670.12,5,126070.37
"LP","Sociedad Limitada",33163.34,3,5821.22
"LQ","Sociedad Limitada",96959.3,4,7149.06
"LR","Sociedad Cooperativa",105301.38,15,80205.38
"LS","Sociedad Limitada",218141.63,22,181242.35
"LT","Sociedad Limitada",15723.34,2,3000
"LU","Sociedad Anónima",243777.16,12,60000
"LV","Sociedad Cooperativa",244341.94,10,116008.78
"LW","Sociedad Limitada",185104.07,3,138514.09
"LX","Sociedad Limitada",23599.17,4,21255.45
"LY","Sociedad Anónima",279437.06,13,367085.87
"LZ","Sociedad Limitada",73546.78,11,30786.4
"MA","Sociedad Limitada",140690.78,9,56438.59
"MB","Sociedad Laboral",63285.14,8,253687.92
"MC","Sociedad Limitada",31061.56,2,25203.6
"MD","Sociedad Limitada",110131.03,5,53928.47
"ME","Sociedad Limitada",84186.58,3,14542.94
"MF","Sociedad Limitada",100285.07,7,62135.56
"MG","Sociedad Limitada",125152.82,8,30370.34
"MH","Sociedad Limitada",547841.44,96,27766.95
"MI","Sociedad Laboral",37742.11,2,9520.18
"MJ","Sociedad Limitada",70705.18,5,35611.55
"MK","Sociedad Limitada",161647.28,7,78240.14
"ML","Sociedad Limitada",172823.69,10,255034.18
"MM","Sociedad Limitada",67859.92,2,35179.4
"MN","Sociedad Laboral",107982.98,4,41610.9
"MO","Sociedad Limitada",86812.47,4,162776.41
"MP","Sociedad Limitada",33356.32,2,453008.88
"MQ","Sociedad Limitada",25397.34,4,30410.69
"MR","Sociedad Laboral",21241.81,2,97559.39
"MS","Sociedad Anónima",39287.96,3,60000
"MT","Sociedad Limitada",188627,39,112608.83
"MU","Sociedad Limitada",32440.69,3,3541.44
"MV","Sociedad Cooperativa",37557.38,3,10995.43
"MW","Sociedad Limitada",58005.35,14,33707.89
"MX","Sociedad Limitada",36054.1,4,10215.47
"MY","Sociedad Cooperativa",438558.65,81,51556.42
"MZ","Sociedad Limitada",43912.56,2,18773.96
"NA","Sociedad Limitada",35528.39,3,98588.41
"NB","Sociedad Anónima",221342.88,5,60000
"NC","Sociedad Limitada",19283.49,5,38791.48
"ND","Sociedad Limitada",126921.33,8,50624.63
"NE","Sociedad Limitada",186628.53,4,137514.78
"NF","Sociedad Limitada",48628.53,5,44600.35
"NG","Sociedad Limitada",32555.08,1,18111.18
"NH","Sociedad Limitada",24613.13,2,13340.27
"NI","Sociedad Cooperativa",65800.29,6,136816.26
"NJ","Sociedad Limitada",198470.88,11,296290.54
"NK","Sociedad Limitada",103110.98,31,99722.31
"NL","Sociedad Laboral",94303.9,24,3754397.81
"NM","Sociedad Anónima",222225.24,9,76377.86
"NN","Sociedad Limitada",776267.9,161,8297396.2
"NO","Sociedad Limitada",105308.23,4,41044.14
"NP","Sociedad Laboral",185130.25,8,11541.39
"NQ","Sociedad Limitada",66645.37,2,6508.77
"NR","Sociedad Anónima",26147.97,2,60000
"NS","Sociedad Limitada",152411.75,16,467035.47
"NT","Sociedad Anónima",66848.69,4,303025.3
"NU","Sociedad Limitada",164728.38,22,153603.22
"NV","Sociedad Cooperativa",133107.54,6,83417.51
"NW","Sociedad Limitada",59175.1,3,20212.97
"NX","Sociedad Limitada",252249.26,36,59018.01
"NY","Sociedad Limitada",52544.54,4,17623.15
"NZ","Sociedad Limitada",88930.94,5,18234.57
"OA","Sociedad Laboral",96530.29,53,62199.01
"OB","Sociedad Limitada",82824.66,12,32362.14
"OC","Sociedad Anónima",253614.75,3,99034.67
"OD","Sociedad Anónima",164381.24,5,140397.18
"OE","Sociedad Limitada",18185.97,2,153025.65
"OF","Sociedad Limitada",65843.03,22,4627.2
"OG","Sociedad Limitada",46294.64,9,91501.59
"OH","Sociedad Limitada",114234.49,6,39041.45
"OI","Sociedad Limitada",112570.34,7,43588.68
"OJ","Sociedad Laboral",25711.74,3,4606.53
"OK","Sociedad Laboral",35702.97,4,35176.75
"OL","Sociedad Limitada",77918.78,2,14271.92
"OM","Sociedad Cooperativa",34573.21,3,49332.89
"ON","Sociedad Limitada",46043.08,3,9790
"OO","Sociedad Limitada",62663.85,3,2000264.7
"OP","Sociedad Limitada",82911.87,9,24367.32
"OQ","Sociedad Anónima",73511.31,7,60000
"OR","Sociedad Limitada",103454.41,17,19249.98
"OS","Sociedad Limitada",25559.19,4,23119.74
"OT","Sociedad Anónima",278786.07,14,1101973.1
"OU","Sociedad Limitada",258153.42,9,50992.31
"OV","Sociedad Cooperativa",213399.31,29,230502.75
"OW","Sociedad Limitada",162559.71,8,23080.84
"OX","Sociedad Limitada",29518.97,3,184763.06
"OY","Sociedad Limitada",33675.29,2,48403.9
"OZ","Sociedad Limitada",85836.12,9,26501.31
"PA","Sociedad Laboral",13469.18,3,33744.03
"PB","Sociedad Limitada",70581.35,5,30017.64
"PC","Sociedad Limitada",126586.57,8,114690.18
"PD","Sociedad Limitada",40641.9,1,9157.54
"PE","Sociedad Limitada",335358.73,14,168907.64
"PF","Sociedad Limitada",21880.79,5,215841.47
"PG","Sociedad Limitada",59455.88,2,139110.64
"PH","Sociedad Limitada",214062.03,14,125858.9
"PI","Sociedad Cooperativa",37183.5,3,48979.03
"PJ","Sociedad Limitada",58782.28,2,52718.88
"PK","Sociedad Limitada",19902.55,4,88697.81
"PL","Sociedad Limitada",319248.35,49,236661.11
"PM","Sociedad Limitada",13490.97,17,95422.75
"PN","Sociedad Cooperativa",55005.22,3,76633.79
"PO","Sociedad Laboral",397600.53,18,146809.9
"PP","Sociedad Limitada",152913.84,3,108818.72
"PQ","Sociedad Limitada",17008.42,14,50289.48
"PR","Sociedad Laboral",274594.81,36,419984.86
"PS","Sociedad Limitada",37006.5,3,20368.35
"PT","Sociedad Limitada",64802.24,5,57291.85
"PU","Sociedad Limitada",19254.55,10,44784.36
"PV","Sociedad Limitada",174167.28,15,25071.39
"PW","Sociedad Limitada",49803.99,6,181630.25
"PX","Sociedad Limitada",142502.12,11,19326.71
"PY","Sociedad Limitada",49815.87,4,178104.16
"PZ","Sociedad Limitada",67707.51,18,21239.79
"QA","Sociedad Anónima",75331.11,2,60000
"QB","Sociedad Limitada",89841.68,4,123831.35
"QC","Sociedad Cooperativa",83282.46,8,52380.84
"QD","Sociedad Anónima",313112.34,15,60000
"QE","Sociedad Anónima",53270.16,3,205711.64
"QF","Sociedad Limitada",126088.61,3,3000
"QG","Sociedad Limitada",56523.49,6,21296.84
"QH","Sociedad Anónima",37987.5,2,60000
"QI","Sociedad Limitada",193000.55,8,36947.53
"QJ","Sociedad Limitada",402944.86,24,138821.04
"QK","Sociedad Limitada",217397.52,15,62107.15
"QL","Sociedad Limitada",87227.15,6,27051.6
"QM","Sociedad Limitada",431557.32,15,89611.71
"QN","Sociedad Cooperativa",34492.03,7,60037.8
"QO","Sociedad Anónima",211679.79,4,60000
"QP","Sociedad Anónima",326210.41,4,60000
"QQ","Sociedad Limitada",177187.47,23,34680.79
"QR","Sociedad Limitada",37770.8,1,3000
"QS","Sociedad Laboral",469036.62,78,408438.51
"QT","Sociedad Limitada",161625.63,5,494966.28
"QU","Sociedad Limitada",107469.7,31,26393.03
"QV","Sociedad Limitada",94175.87,3,15206.73
"QW","Sociedad Limitada",10384.2,2,7690.55
"QX","Sociedad Limitada",1138000.03,40,481158.76
"QY","Sociedad Limitada",165660,44,128660.95
"QZ","Sociedad Anónima",71136.74,4,76159.33
"RA","Sociedad Limitada",69819.34,4,104904.95
"RB","Sociedad Anónima",35304.6,4,60000
"RC","Sociedad Limitada",78050.25,9,98746.58
"RD","Sociedad Anónima",94430.38,4,60000
"RE","Sociedad Limitada",83426.35,11,59942.24
"RF","Sociedad Anónima",268195.59,2,60000
"RG","Sociedad Anónima",19753.17,3,60000
"RH","Sociedad Limitada",61011.05,5,11774.29
"RI","Sociedad Limitada",178979.46,6,185187.37
"RJ","Sociedad Limitada",217448.9,94,38830.21
"RK","Sociedad Limitada",235518.4,46,86459.67
"RL","Sociedad Anónima",1538368.16,37,631169.21
"RM","Sociedad Limitada",28004.85,12,73747.25
"RN","Sociedad Anónima",32114.18,2,60000
"RO","Sociedad Limitada",63484.28,20,108470.06
"RP","Sociedad Anónima",404232.28,21,100892.66
"RQ","Sociedad Laboral",116230.69,49,9398.4
"RR","Sociedad Limitada",81663.03,4,22306.38
"RS","Sociedad Limitada",101935.09,22,17673.71
"RT","Sociedad Anónima",80427.25,4,60000
"RU","Sociedad Limitada",192868.51,10,814694.85
"RV","Sociedad Cooperativa",179594.32,25,121805.37
"RW","Sociedad Laboral",14120.2,6,14602.35
"RX","Sociedad Limitada",38468.19,4,103424.39
"RY","Sociedad Limitada",520877.17,59,322234.35
"RZ","Sociedad Anónima",601625.52,9,89632.53
"SA","Sociedad Limitada",24918.93,4,25700.68
"SB","Sociedad Laboral",229722.88,68,132677.48
"SC","Sociedad Limitada",550919.95,169,247253.08
"SD","Sociedad Limitada",33192.45,4,73143.77
"SE","Sociedad Anónima",49132.65,8,60000
"SF","Sociedad Anónima",460463.25,6,60000
"SG","Sociedad Limitada",307537.9,10,225149.61
"SH","Sociedad Limitada",108407.41,61,56053.07
"SI","Sociedad Limitada",11709.56,3,112665.79
"SJ","Sociedad Limitada",39070.19,3,10944.46
"SK","Sociedad Limitada",122036.4,8,149642.75
"SL","Sociedad Limitada",80230.88,8,242180.02
"SM","Sociedad Limitada",265027.95,12,361177.87
"SN","Sociedad Limitada",54882.79,5,38659.86
"SO","Sociedad Laboral",19640.35,4,69742.74
"SP","Sociedad Limitada",254326.97,7,6212.85
"SQ","Sociedad Limitada",48241.86,4,65648.5
"SR","Sociedad Limitada",370816.59,114,186811.48
"SS","Sociedad Cooperativa",148951.15,30,210672.67
"ST","Sociedad Limitada",39017.07,2,33210.22
"SU","Sociedad Anónima",18194.14,5,147935.76
"SV","Sociedad Limitada",80307.03,3,33245.31
"SW","Sociedad Limitada",98757.88,4,109547.12
"SX","Sociedad Anónima",144558.04,4,60000
"SY","Sociedad Limitada",48509.13,5,90654.16
"SZ","Sociedad Anónima",97147.32,4,60000
"TA","Sociedad Limitada",49803.77,18,135015.73
"TB","Sociedad Limitada",86481.58,5,31482.78
"TC","Sociedad Limitada",47880.43,8,78901.64
"TD","Sociedad Limitada",154379.97,4,19252.18
"TE","Sociedad Limitada",44129.6,8,91529.18
"TF","Sociedad Anónima",19248.5,4,976523.66
"TG","Sociedad Cooperativa",68005.64,5,272866.61
"TH","Sociedad Limitada",19437.01,5,104764.73
"TI","Sociedad Laboral",30182.15,6,19811.15
"TJ","Sociedad Limitada",87918.35,3,60122.82
"TK","Sociedad Laboral",640635.29,28,123838.85
"TL","Sociedad Anónima",104762.98,7,60000
"TM","Sociedad Limitada",333148.09,21,86549.81
"TN","Sociedad Anónima",26852.57,3,60000
"TO","Sociedad Limitada",241766.46,5,57478.16
"TP","Sociedad Anónima",103159.96,5,60000
"TQ","Sociedad Limitada",32035.26,4,75241.22
"TR","Sociedad Anónima",101650.69,3,389728.79
"TS","Sociedad Limitada",79625.83,18,285474.87
"TT","Sociedad Limitada",59709.4,4,88763.18
"TU","Sociedad Anónima",63327.84,2,60000
"TV","Sociedad Limitada",243883.37,10,88797.02
"TW","Sociedad Cooperativa",22132.62,2,96274.08
"TX","Sociedad Limitada",85745.33,12,291675.68
"TY","Sociedad Anónima",174660.25,10,60000
"TZ","Sociedad Laboral",92275.45,4,138083
"UA","Sociedad Limitada",238279.65,4,15061.95
"UB","Sociedad Cooperativa",170440.64,4,13700.41
"UC","Sociedad Anónima",366162.92,12,601737.5
"UD","Sociedad Limitada",66048.63,50,107605.26
"UE","Sociedad Limitada",600916.71,56,193740.6
"UF","Sociedad Limitada",84643.61,3,126366.54
"UG","Sociedad Limitada",34069.39,4,28798.73
"UH","Sociedad Cooperativa",28493.8,3,11792.4
"UI","Sociedad Limitada",13398.37,2,26302.9
"UJ","Sociedad Limitada",24115.01,1,3000
"UK","Sociedad Anónima",293128.36,24,67243.41
"UL","Sociedad Limitada",12912.83,3,21391.68
"UM","Sociedad Limitada",17562.11,4,5823.35
"UN","Sociedad Limitada",369159.44,65,214971.45
"UO","Sociedad Limitada",34225.56,6,17937.61
"UP","Sociedad Cooperativa",34777.55,3,118170.68
"UQ","Sociedad Anónima",697002.15,32,115087.18
"UR","Sociedad Limitada",27182.21,2,7635.25
"US","Sociedad Anónima",215671.95,14,116909.41
"UT","Sociedad Anónima",143104.55,4,60000
"UU","Sociedad Limitada",24735.86,4,34911.48
"UV","Sociedad Anónima",713338.1,25,187926.68
"UW","Sociedad Limitada",147068.3,6,38126.12
"UX","Sociedad Cooperativa",500097.65,33,101603.96
"UY","Sociedad Limitada",41766.58,4,80047.09
"UZ","Sociedad Cooperativa",24544.05,7,262727.41
"VA","Sociedad Limitada",129654.17,8,7019.26
"VB","Sociedad Limitada",91436.65,4,39538.14
"VC","Sociedad Laboral",264716.86,3,168173.75
"VD","Sociedad Anónima",541392.03,9,60000
"VE","Sociedad Limitada",33944.34,3,124800.16
"VF","Sociedad Limitada",27022.35,4,22030.79
"VG","Sociedad Limitada",91605.28,4,104341.98
"VH","Sociedad Limitada",294426.12,5,364517.47
"VI","Sociedad Cooperativa",52535.36,17,187643.37
"VJ","Sociedad Anónima",42014.22,3,139026.16
"VK","Sociedad Cooperativa",161443.56,3,3802.79
"VL","Sociedad Limitada",190809.31,3,11613.28
"VM","Sociedad Cooperativa",239111.78,37,249865.87
"VN","Sociedad Limitada",35422.27,13,19324.1
"VO","Sociedad Limitada",63281.69,9,29679.47
"VP","Sociedad Anónima",140830.93,2,198448.71
"VQ","Sociedad Laboral",198082.68,3,57964.87
"VR","Sociedad Limitada",65247.57,5,48383.05
"VS","Sociedad Limitada",50659.42,7,36565.67
"VT","Sociedad Limitada",241574.28,28,18535.16
"VU","Sociedad Laboral",108980.86,13,8390.07
"VV","Sociedad Limitada",71295.66,17,56097.2
"VW","Sociedad Limitada",89627.34,4,69148.15
"VX","Sociedad Cooperativa",169512.97,5,12793.44
"VY","Sociedad Limitada",96001.54,9,7770.67
"VZ","Sociedad Limitada",59818.12,2,141379.49
"WA","Sociedad Cooperativa",96598.41,8,106983.73
"WB","Sociedad Limitada",81281.77,4,78122.34
"WC","Sociedad Limitada",96802.18,12,197695.75
"WD","Sociedad Anónima",221440.57,4,109112.58
"WE","Sociedad Limitada",44515.98,2,8997.25
"WF","Sociedad Limitada",100197.59,18,337065.75
"WG","Sociedad Limitada",287375.75,25,26897.24
"WH","Sociedad Anónima",261564.83,7,60000
"WI","Sociedad Limitada",156464.46,22,140877.48
"WJ","Sociedad Anónima",7872.48,2,60000
"WK","Sociedad Limitada",445126.78,15,214718.25
"WL","Sociedad Limitada",27396.39,3,84722.53
"WM","Sociedad Limitada",44251.5,4,15191.49
"WN","Sociedad Limitada",362459.54,11,21139.32
"WO","Sociedad Limitada",11586.66,3,6509.54
"WP","Sociedad Laboral",126365.57,75,270630.59
"WQ","Sociedad Limitada",216429.12,84,97721.13
"WR","Sociedad Anónima",28183.12,3,60000
"WS","Sociedad Cooperativa",210043.3,10,305620.95
"WT","Sociedad Anónima",98555.2,1,60000
"WU","Sociedad Laboral",88128.21,6,152841.48
"WV","Sociedad Limitada",34599.18,3,15611.83
"WW","Sociedad Cooperativa",37863.49,4,75355.68
"WX","Sociedad Cooperativa",22108.04,2,26442.07
"WY","Sociedad Anónima",100584.1,9,60000
"WZ","Sociedad Limitada",69096.46,3,115885.39
"XA","Sociedad Limitada",224715.32,12,195118
"XB","Sociedad Limitada",100123.43,17,28890.47
"XC","Sociedad Limitada",103332.49,7,60527.46
"XD","Sociedad Cooperativa",7272.06,3,403616.64
"XE","Sociedad Limitada",126392.36,13,31884.54
"XF","Sociedad Limitada",114174.63,35,86165.33
"XG","Sociedad Anónima",384844.62,11,473420.42
"XH","Sociedad Cooperativa",145396.51,5,15589.55
"XI","Sociedad Limitada",9262.86,3,364190.37
"XJ","Sociedad Anónima",206817,5,60000
"XK","Sociedad Limitada",175579.7,48,71270.33
"XL","Sociedad Limitada",191642.66,34,112503.13
"XM","Sociedad Laboral",130658.18,7,211510.81
"XN","Sociedad Anónima",98383.34,2,1525194.41
"XO","Sociedad Anónima",40817.74,3,60000
"XP","Sociedad Limitada",179268.93,17,185043.07
"XQ","Sociedad Limitada",17148.97,1,3857.85
"XR","Sociedad Anónima",869118.73,34,201886.9
"XS","Sociedad Cooperativa",20584.35,6,3000
"XT","Sociedad Limitada",231198.37,14,67131.84
"XU","Sociedad Limitada",136552.12,3,248020.97
"XV","Sociedad Limitada",21341.49,19,44129.12
"XW","Sociedad Anónima",258696.98,10,77301.52
"XX","Sociedad Limitada",115072.48,19,88325.52
"XY","Sociedad Limitada",62452.95,4,36441.24
"XZ","Sociedad Limitada",39284.45,3,37957.31
"YA","Sociedad Anónima",126780.51,3,60000
"YB","Sociedad Cooperativa",134201.96,6,33721.43
"YC","Sociedad Limitada",89711.13,4,31053.44
"YD","Sociedad Limitada",44418.89,3,67178.51
"YE","Sociedad Anónima",75339.11,5,60429.04
"YF","Sociedad Cooperativa",71970.99,8,23188.87
"YG","Sociedad Cooperativa",28546.31,2,71954.42
"YH","Sociedad Limitada",203656.46,24,433193.39
"YI","Sociedad Limitada",25918,3,7001.34
"YJ","Sociedad Limitada",157320.15,10,90131.69
"YK","Sociedad Cooperativa",97737.94,37,43258.67
"YL","Sociedad Anónima",24783.38,3,60000
"YM","Sociedad Limitada",69761.36,4,70000.32
"YN","Sociedad Anónima",203566.24,9,197420.76
"YO","Sociedad Limitada",142474.2,5,86440.6
"YP","Sociedad Limitada",113823.99,5,28533.51
"YQ","Sociedad Laboral",255743.95,47,519023
"YR","Sociedad Limitada",96587.27,4,153495.52
"YS","Sociedad Limitada",23057.96,3,9491.63
"YT","Sociedad Limitada",10347.94,1,23653.81
"YU","Sociedad Limitada",35512.42,8,12253.9
"YV","Sociedad Limitada",38688.5,2,157971.43
"YW","Sociedad Limitada",61442.31,2,44785.22
"YX","Sociedad Limitada",235640.54,13,301780.01
"YY","Sociedad Limitada",113837.51,2,59850.12
"YZ","Sociedad Limitada",211789.21,22,91417.35
"ZA","Sociedad Anónima",94061.86,5,119287.53
"ZB","Sociedad Limitada",53814.38,8,14505.93
"ZC","Sociedad Limitada",157872.38,15,16197.6
"ZD","Sociedad Limitada",62917.84,5,22023.67
"ZE","Sociedad Anónima",45977.35,2,60000
"ZF","Sociedad Anónima",95782.52,10,60000
"ZG","Sociedad Cooperativa",178898.81,99,98424.92
"ZH","Sociedad Cooperativa",20825.41,3,83239.38
"ZI","Sociedad Laboral",141651.53,4,28939.5
"ZJ","Sociedad Limitada",29376.88,1,65684.37
"ZK","Sociedad Limitada",82296.87,12,27183.44
"ZL","Sociedad Limitada",17590.41,4,22788.8
"ZM","Sociedad Limitada",144475.23,14,31058.43
"ZN","Sociedad Limitada",216608.81,62,91658.95
"ZO","Sociedad Limitada",53910.68,4,10646.88
"ZP","Sociedad Limitada",69640.58,7,87805.49
"ZQ","Sociedad Limitada",102903.2,4,185396.21
"ZR","Sociedad Limitada",138767.35,18,120286.43
"ZS","Sociedad Limitada",140660.27,21,658827.21
"ZT","Sociedad Limitada",1671780.8,52,35566.88
"ZU","Sociedad Limitada",256798.05,12,37028.52
"ZV","Sociedad Limitada",81503.77,6,94613.74
"ZW","Sociedad Limitada",42722.99,6,91228.73
"ZX","Sociedad Limitada",116481.4,3,64662.21
"ZY","Sociedad Cooperativa",36569.77,7,332817.84
"ZZ","Sociedad Limitada",36087.55,2,197348.27
"AAA","Sociedad Limitada",70911.69,2,6353.11
"AAB","Sociedad Cooperativa",67448.44,10,36521.98
"AAC","Sociedad Limitada",129133.11,23,17862.06
"AAD","Sociedad Limitada",141186.16,10,21697.96
"AAE","Sociedad Limitada",63838.12,4,56202.94
"AAF","Sociedad Limitada",67475.84,7,78047.17
"AAG","Sociedad Limitada",185222.48,34,47526.13
"AAH","Sociedad Limitada",98187.94,7,80948.52
"AAI","Sociedad Limitada",93704.17,5,21769.54
"AAJ","Sociedad Limitada",98759.97,2,49243.83
"AAK","Sociedad Anónima",65846.29,4,60000
"AAL","Sociedad Anónima",593674.73,17,88303.23
"AAM","Sociedad Limitada",19160.2,4,10365.56
"AAN","Sociedad Limitada",93128.66,19,46904.28
"AAO","Sociedad Limitada",34461.67,9,84604.9
"AAP","Sociedad Limitada",177846.03,17,51301.94
"AAQ","Sociedad Laboral",338784.91,58,112431.71
"AAR","Sociedad Limitada",13429.81,2,6559.6
"AAS","Sociedad Limitada",384791.47,81,115144.07
"AAT","Sociedad Anónima",45437.94,4,60000
"AAU","Sociedad Anónima",184766.18,7,60000
"AAV","Sociedad Cooperativa",20841.58,6,23698.64
"AAW","Sociedad Limitada",92012.31,3,11803.31
"AAX","Sociedad Anónima",181128.62,13,196027.93
"AAY","Sociedad Cooperativa",20013.91,3,362870.56
"AAZ","Sociedad Limitada",89329.55,9,37422.81
"ABA","Sociedad Anónima",61814.26,3,64805.96
"ABB","Sociedad Limitada",28464.28,2,167036.13
"ABC","Sociedad Limitada",179853.66,154,126221.97
"ABD","Sociedad Cooperativa",28063.69,3,19881.25
"ABE","Sociedad Limitada",64918.97,6,102919.87
"ABF","Sociedad Cooperativa",41946.62,17,21109.22
"ABG","Sociedad Limitada",309937.58,42,117021.03
"ABH","Sociedad Limitada",266230.17,9,42443.03
"ABI","Sociedad Anónima",135632.6,3,60000
"ABJ","Sociedad Laboral",88328.99,29,148681.22
"ABK","Sociedad Limitada",184393.07,58,119697.78
"ABL","Sociedad Limitada",123145.79,24,1129803.81
"ABM","Sociedad Laboral",48250.97,2,3000
"ABN","Sociedad Limitada",329202.19,70,364089.28
"ABO","Sociedad Limitada",36391.79,6,16450.65
"ABP","Sociedad Limitada",23787.19,6,27369.32
"ABQ","Sociedad Limitada",37029.6,1,6488.24
"ABR","Sociedad Limitada",17099.06,2,46372.26
"ABS","Sociedad Anónima",511212.58,36,728758.19
"ABT","Sociedad Limitada",85928.21,7,97135.72
"ABU","Sociedad Anónima",645921.67,40,60000
"ABV","Sociedad Laboral",69590.26,2,216824.94
"ABW","Sociedad Limitada",139071.14,93,127875.11
"ABX","Sociedad Limitada",280890.13,15,119347.75
"ABY","Sociedad Limitada",110604.14,5,49518.77
"ABZ","Sociedad Limitada",75484.91,9,45650.95
"ACA","Sociedad Limitada",322150.51,66,185386.17
"ACB","Sociedad Limitada",82934.07,4,13787.5
"ACC","Sociedad Limitada",222878.18,16,353342.88
"ACD","Sociedad Cooperativa",16519.87,5,68504.95
"ACE","Sociedad Limitada",197204.05,5,66300.63
"ACF","Sociedad Limitada",49053.69,17,194659.85
"ACG","Sociedad Limitada",13863,5,7647.06
"ACH","Sociedad Limitada",117616.2,4,171424.27
"ACI","Sociedad Limitada",15482.19,3,34206.74
"ACJ","Sociedad Limitada",48600.79,4,70386.44
"ACK","Sociedad Limitada",8867.1,1,9399.92
"ACL","Sociedad Limitada",128324.89,128,68813.35
"ACM","Sociedad Limitada",81556.93,12,35201.64
"ACN","Sociedad Limitada",93417.74,4,152986.23
"ACO","Sociedad Anónima",161682.34,7,227250.66
"ACP","Sociedad Anónima",279655.77,54,908523.79
"ACQ","Sociedad Cooperativa",85004.67,9,56125.59
"ACR","Sociedad Anónima",138449.08,9,60000
"ACS","Sociedad Anónima",74124.12,3,215609.56
"ACT","Sociedad Anónima",82980.6,6,60000
"ACU","Sociedad Limitada",75373.79,4,36681.89
"ACV","Sociedad Limitada",21356.53,3,58135.87
"ACW","Sociedad Limitada",76316.2,4,11605.52
"ACX","Sociedad Limitada",37293.85,3,5552.76
"ACY","Sociedad Limitada",83700.16,11,113048.91
"ACZ","Sociedad Anónima",153101.38,4,339125.33
"ADA","Sociedad Limitada",47914.46,5,18688.23
"ADB","Sociedad Anónima",49456.01,5,60000
"ADC","Sociedad Limitada",55090.15,16,22398.37
"ADD","Sociedad Anónima",191504.28,6,353350.96
"ADE","Sociedad Anónima",10196.36,2,60000
"ADF","Sociedad Limitada",59502.74,7,19272.85
"ADG","Sociedad Limitada",353128.02,60,66305.8
"ADH","Sociedad Limitada",20502.09,4,16174.38
"ADI","Sociedad Limitada",108219.55,11,34539.78
"ADJ","Sociedad Cooperativa",187005.92,14,172096.14
"ADK","Sociedad Laboral",11982.24,4,39339.55
"ADL","Sociedad Limitada",24728.93,3,52021.22
"ADM","Sociedad Limitada",426061.49,12,48318.59
"ADN","Sociedad Limitada",109615.57,25,211288.9
"ADO","Sociedad Anónima",36554.84,3,60000
"ADP","Sociedad Limitada",19662.38,2,90316.43
"ADQ","Sociedad Limitada",58731.1,7,63327.38
"ADR","Sociedad Limitada",464934.4,93,131000.34
"ADS","Sociedad Limitada",56079.68,9,93856.04
"ADT","Sociedad Limitada",110588.23,9,15769.46
"ADU","Sociedad Limitada",111783.14,5,25381.14
"ADV","Sociedad Limitada",181448.73,17,103192.78
"ADW","Sociedad Limitada",65651.82,2,5534.14
"ADX","Sociedad Limitada",68566.12,14,63657.74
"ADY","Sociedad Limitada",80595.47,8,54738.61
"ADZ","Sociedad Laboral",64819.13,3,27822.18
"AEA","Sociedad Limitada",233982.16,36,28506.37
"AEB","Sociedad Limitada",119029.19,10,260278.3
"AEC","Sociedad Anónima",291807.18,25,60000
"AED","Sociedad Anónima",262818.28,18,60000
"AEE","Sociedad Limitada",64818.53,5,23461.21
"AEF","Sociedad Anónima",74024.53,11,371016.07
"AEG","Sociedad Limitada",100685.12,8,68231.27
"AEH","Sociedad Cooperativa",47541.86,6,60959.14
"AEI","Sociedad Anónima",340348.38,6,60000
"AEJ","Sociedad Limitada",38650.3,4,50881.52
"AEK","Sociedad Limitada",99048.74,8,124469.25
"AEL","Sociedad Limitada",8516.88,2,45190.52
"AEM","Sociedad Limitada",65679.1,11,293220.76
"AEN","Sociedad Limitada",30889.23,4,14399.94
"AEO","Sociedad Anónima",1421093.24,77,215396.45
"AEP","Sociedad Limitada",33404.2,2,45355.2
"AEQ","Sociedad Limitada",64101.29,4,109217.33
"AER","Sociedad Laboral",154937.15,19,62023.69
"AES","Sociedad Anónima",125735.4,13,159788.46
"AET","Sociedad Limitada",382165.7,59,90203.18
"AEU","Sociedad Limitada",115811.52,2,25973.54
"AEV","Sociedad Limitada",232065.52,18,316250.28
"AEW","Sociedad Limitada",151002.82,8,7661.02
"AEX","Sociedad Anónima",146459.07,24,125583.09
"AEY","Sociedad Limitada",136564.77,13,223843.37
"AEZ","Sociedad Anónima",172691.77,8,60000
"AFA","Sociedad Limitada",114931.62,27,195858.97
"AFB","Sociedad Anónima",98475.98,4,60000
"AFC","Sociedad Anónima",331467.71,3,70208.47
"AFD","Sociedad Limitada",23161.34,3,29981.02
"AFE","Sociedad Anónima",240942.48,10,78519.53
"AFF","Sociedad Anónima",40301.21,4,60000
"AFG","Sociedad Limitada",388749.07,57,139492.21
"AFH","Sociedad Limitada",54660.69,13,24074.58
"AFI","Sociedad Laboral",47691.79,2,20377.4
"AFJ","Sociedad Anónima",34827.85,4,117904.09
"AFK","Sociedad Limitada",58387.71,4,21532.89
"AFL","Sociedad Limitada",326523.04,13,92425.45
"AFM","Sociedad Limitada",40712.24,3,38428.8
"AFN","Sociedad Limitada",68260.92,6,39815.16
"AFO","Sociedad Cooperativa",294721.13,12,229846.65
"AFP","Sociedad Limitada",264798.63,4,57415.48
"AFQ","Sociedad Limitada",568969.77,8,111171.92
"AFR","Sociedad Limitada",35807.79,3,11874.77
"AFS","Sociedad Limitada",63910.56,17,45176.7
"AFT","Sociedad Anónima",603061.21,39,78091.38
"AFU","Sociedad Laboral",54602.57,3,63379.35
"AFV","Sociedad Anónima",334492.74,7,292265.94
"AFW","Sociedad Limitada",133643.17,13,45194.84
"AFX","Sociedad Limitada",164825.89,18,7095.67
"AFY","Sociedad Laboral",718621.51,52,71816.4
"AFZ","Sociedad Limitada",64925.49,4,14487.4
"AGA","Sociedad Limitada",110142.23,5,203526.85
"AGB","Sociedad Cooperativa",190121.51,18,110738.57
"AGC","Sociedad Limitada",63863.14,5,276198.68
"AGD","Sociedad Limitada",67947.76,10,93766.99
"AGE","Sociedad Limitada",44638.04,4,6516.53
"AGF","Sociedad Limitada",43565.62,27,132348.78
"AGG","Sociedad Limitada",247984.25,9,33332.12
"AGH","Sociedad Limitada",14542.15,3,26407.67
"AGI","Sociedad Limitada",30887.73,3,28343.17
"AGJ","Sociedad Limitada",175879.63,38,101404.94
"AGK","Sociedad Limitada",200909.65,7,46753.61
"AGL","Sociedad Limitada",141831.22,16,763290.29
"AGM","Sociedad Limitada",116736.14,4,278856.89
"AGN","Sociedad Limitada",76237.24,9,21094.19
"AGO","Sociedad Anónima",315851.94,4,79177.11
"AGP","Sociedad Limitada",53906.14,2,119422.25
"AGQ","Sociedad Cooperativa",33205.5,1,78473.96
"AGR","Sociedad Anónima",411330.89,16,60000
"AGS","Sociedad Limitada",18917.23,4,157697.07
"AGT","Sociedad Anónima",58212.67,2,60000
"AGU","Sociedad Cooperativa",230305.44,34,142437.06
"AGV","Sociedad Limitada",27067.6,3,37425.47
"AGW","Sociedad Limitada",126164.69,14,8535.73
"AGX","Sociedad Cooperativa",25339.87,3,26010.21
"AGY","Sociedad Anónima",88960.72,3,60000
"AGZ","Sociedad Limitada",15076.33,4,3069.08
"AHA","Sociedad Anónima",128175.88,5,78604.61
"AHB","Sociedad Laboral",37559.66,6,63131
"AHC","Sociedad Limitada",97308.78,3,130145.76
"AHD","Sociedad Limitada",13090.86,4,43984.76
"AHE","Sociedad Limitada",68168.41,5,21394.79
"AHF","Sociedad Limitada",74874.71,8,22311.58
"AHG","Sociedad Limitada",217964.56,11,206390.02
"AHH","Sociedad Anónima",133615.77,51,657047.02
"AHI","Sociedad Anónima",38878.75,2,73369.61
"AHJ","Sociedad Limitada",173078.22,10,95869.49
"AHK","Sociedad Anónima",907739.65,79,215267.82
"AHL","Sociedad Anónima",207908.5,10,508793.56
"AHM","Sociedad Limitada",46452.19,2,3000
"AHN","Sociedad Limitada",62002.95,34,277841.47
"AHO","Sociedad Limitada",70830.71,2,28050.56
"AHP","Sociedad Anónima",136314.9,6,60000
"AHQ","Sociedad Cooperativa",11160.2,3,64647.39
"AHR","Sociedad Limitada",32848.55,2,9092.42
"AHS","Sociedad Cooperativa",163501.85,8,101169.88
"AHT","Sociedad Limitada",303623.49,25,146657.79
"AHU","Sociedad Anónima",92856.96,9,72483.34
"AHV","Sociedad Limitada",278531.41,17,12040.54
"AHW","Sociedad Anónima",158147.36,16,103778.04
"AHX","Sociedad Cooperativa",89086.23,6,30010.42
"AHY","Sociedad Anónima",357553.99,12,60000
"AHZ","Sociedad Limitada",118442.85,8,16109.87
"AIA","Sociedad Limitada",40470.34,5,11002.54
"AIB","Sociedad Limitada",187697.99,10,28828.17
"AIC","Sociedad Cooperativa",242153.31,8,315266.97
"AID","Sociedad Limitada",47352.83,9,115822.47
"AIE","Sociedad Limitada",64488.69,6,66952.22
"AIF","Sociedad Laboral",99932.11,4,340177.45
"AIG","Sociedad Limitada",39022.63,6,274850.73
"AIH","Sociedad Limitada",22402.6,7,111715.03
"AII","Sociedad Limitada",110921.68,21,22220.48
"AIJ","Sociedad Limitada",127946.8,4,261211.97
"AIK","Sociedad Anónima",67432.53,13,60000
"AIL","Sociedad Limitada",39931.14,3,25698.05
"AIM","Sociedad Limitada",734174.66,76,286517.06
"AIN","Sociedad Cooperativa",61885.87,5,48724.8
"AIO","Sociedad Anónima",212021.52,8,60000
"AIP","Sociedad Anónima",350051.87,5,153639.21
"AIQ","Sociedad Limitada",173656.1,8,39722.13
"AIR","Sociedad Limitada",102872.38,5,26878.98
"AIS","Sociedad Limitada",127706.96,8,47798.07
"AIT","Sociedad Anónima",208966.89,63,62251.92
"AIU","Sociedad Cooperativa",202737.29,13,101659.39
"AIV","Sociedad Limitada",72237.86,3,35228.22
"AIW","Sociedad Anónima",79416.93,2,60000
"AIX","Sociedad Limitada",60018.18,4,70909.79
"AIY","Sociedad Laboral",18146.2,4,3782.73
"AIZ","Sociedad Limitada",53978.17,3,48967.21
"AJA","Sociedad Limitada",147372.63,4,146798.83
"AJB","Sociedad Cooperativa",102428.3,25,248535.98
"AJC","Sociedad Cooperativa",11276.8,3,322441.05
"AJD","Sociedad Limitada",450973.12,12,48469.89
"AJE","Sociedad Laboral",43619.34,7,15134.97
"AJF","Sociedad Limitada",113142.92,3,64127.51
"AJG","Sociedad Limitada",91816.07,4,6661.08
"AJH","Sociedad Limitada",433443.88,14,425425.35
"AJI","Sociedad Limitada",55711.09,4,12246.63
"AJJ","Sociedad Limitada",135763.95,23,155814.27
"AJK","Sociedad Limitada",176368.9,3,33393.67
"AJL","Sociedad Limitada",601791.29,13,7246.33
"AJM","Sociedad Limitada",259876.35,31,165567.2
"AJN","Sociedad Limitada",54640.19,3,10333.95
"AJO","Sociedad Limitada",65284.73,2,96266.54
"AJP","Sociedad Limitada",61279.48,10,3437.47
"AJQ","Sociedad Laboral",44494.5,2,26048.81
"AJR","Sociedad Limitada",27372.48,4,10179.38
"AJS","Sociedad Limitada",95526.49,13,258012.36
"AJT","Sociedad Laboral",71489.24,3,17014.65
"AJU","Sociedad Limitada",21110.72,2,73690.36
"AJV","Sociedad Limitada",124990.99,5,31532.26
"AJW","Sociedad Limitada",165591.04,12,91430.16
"AJX","Sociedad Limitada",216684.52,6,355176.82
"AJY","Sociedad Limitada",2133387.28,99,142500.75
"AJZ","Sociedad Limitada",31244.79,3,258674.92
"AKA","Sociedad Limitada",50147.82,2,96990.3
"AKB","Sociedad Limitada",212532.32,5,270305.24
"AKC","Sociedad Cooperativa",60402.55,4,3146.48
"AKD","Sociedad Limitada",29459.74,3,25936.72
"AKE","Sociedad Limitada",22764.59,3,5465.14
"AKF","Sociedad Limitada",211340.13,6,157249.36
"AKG","Sociedad Anónima",1718517.9,20,689652.47
"AKH","Sociedad Limitada",43338.82,9,25035.85
"AKI","Sociedad Anónima",97968.91,4,60000
"AKJ","Sociedad Limitada",92100.89,57,18176.97
"AKK","Sociedad Anónima",134419.08,7,153710.5
"AKL","Sociedad Limitada",64607.09,7,276741.37
"AKM","Sociedad Limitada",112600.58,12,10124.32
"AKN","Sociedad Limitada",943956.97,11,14681.31
"AKO","Sociedad Laboral",10729.38,2,79106.4
"AKP","Sociedad Limitada",66517.79,3,181978.46
"AKQ","Sociedad Limitada",1566532.73,90,428616.19
"AKR","Sociedad Limitada",68079.28,11,80818.14
"AKS","Sociedad Limitada",31101.01,4,17274.81
"AKT","Sociedad Anónima",175067.55,11,114392.29
"AKU","Sociedad Cooperativa",212069.07,8,43217.91
"AKV","Sociedad Limitada",28923.44,2,285050.49
"AKW","Sociedad Cooperativa",30993.95,6,24240.12
"AKX","Sociedad Anónima",61862.08,2,60000
"AKY","Sociedad Limitada",17909.74,7,66456.31
"AKZ","Sociedad Limitada",15907.54,3,6357.81
"ALA","Sociedad Limitada",183746.32,7,172399.9
"ALB","Sociedad Limitada",81114.27,4,7578.69
"ALC","Sociedad Limitada",15930.12,7,26969.51
"ALD","Sociedad Limitada",76446.91,3,62603.14
"ALE","Sociedad Limitada",30194.34,23,51504
"ALF","Sociedad Limitada",47222.46,5,4514.13
"ALG","Sociedad Limitada",60219.87,3,7289.35
"ALH","Sociedad Anónima",124735.09,38,60000
"ALI","Sociedad Limitada",96797.3,2,238192.53
"ALJ","Sociedad Limitada",219725.23,8,63399.04
"ALK","Sociedad Anónima",54358.73,4,175955.34
"ALL","Sociedad Limitada",111514.07,3,53982.3
